ID,First Name,Last Name,Email,Phone,Company,Job Title,Address,City,State,Zip Code
1,James,Smith,james.smith@techcorp.io,+1-314-125-5506,Apex Solutions,Accountant,"4112 Cedar Rd, Chicago, IL 60601",Chicago,IL,60601
2,Mary,Johnson,mary.johnson@gmail.com,+1-804-532-1520,Global Net,Accountant,"588 Oak Ave, Houston, TX 77001",Houston,TX,77001
3,John,Williams,john.williams@example.com,+1-227-674-4257,OmniMedia,DevOps Engineer,"9028 Lake View Rd, Houston, TX 77001",Houston,TX,77001
4,Patricia,Brown,patricia.brown@hotmail.com,+1-206-877-3615,Innovate LLC,Marketing Specialist,"7024 Washington St, Phoenix, AZ 85001",Phoenix,AZ,85001
5,Robert,Jones,robert.jones@webmail.net,+1-544-204-2519,BrightPath,DevOps Engineer,"6324 Oak Ave, Philadelphia, PA 19101",Philadelphia,PA,19101
6,Jennifer,Garcia,jennifer.garcia@hotmail.com,+1-244-847-8527,Apex Solutions,Accountant,"8885 Oak Ave, San Antonio, TX 78201",San Antonio,TX,78201
7,Michael,Miller,michael.miller@hotmail.com,+1-843-733-6925,Apex Solutions,Software Engineer,"9559 Cedar Rd, Seattle, WA 98101",Seattle,WA,98101
8,Linda,Davis,linda.davis@techcorp.io,+1-433-891-5741,NextGen Labs,Sales Representative,"1407 Cedar Rd, Los Angeles, CA 90001",Los Angeles,CA,90001
9,William,Rodriguez,william.rodriguez@outlook.com,+1-850-954-6977,Global Net,Sales Representative,"2764 Washington St, Philadelphia, PA 19101",Philadelphia,PA,19101
10,Elizabeth,Martinez,elizabeth.martinez@techcorp.io,+1-899-763-2169,Global Net,Data Analyst,"2903 Elm St, Seattle, WA 98101",Seattle,WA,98101
11,David,Hernandez,david.hernandez@outlook.com,+1-588-376-4598,TechCorp,HR Manager,"5413 Main St, Houston, TX 77001",Houston,TX,77001
12,Barbara,Lopez,barbara.lopez@outlook.com,+1-474-167-4456,OmniMedia,UX Designer,"9392 Washington St, Houston, TX 77001",Houston,TX,77001
13,Richard,Gonzalez,richard.gonzalez@techcorp.io,+1-669-246-5339,Vanguard Systems,Accountant,"2387 Cedar Rd, Seattle, WA 98101",Seattle,WA,98101
14,Susan,Wilson,susan.wilson@hotmail.com,+1-964-698-8019,Global Net,Data Analyst,"9660 Lake View Rd, Philadelphia, PA 19101",Philadelphia,PA,19101
15,Joseph,Anderson,joseph.anderson@example.com,+1-705-193-1771,Innovate LLC,UX Designer,"1896 Maple Dr, Austin, TX 78701",Austin,TX,78701
16,Jessica,Thomas,jessica.thomas@example.com,+1-265-494-7252,CloudScale,Accountant,"9863 Park Ave, Dallas, TX 75201",Dallas,TX,75201
17,Thomas,Taylor,thomas.taylor@webmail.net,+1-211-796-2876,BrightPath,Product Manager,"8897 Pine St, Austin, TX 78701",Austin,TX,78701
18,Sarah,Moore,sarah.moore@hotmail.com,+1-645-261-8433,Innovate LLC,Accountant,"153 Pine St, Dallas, TX 75201",Dallas,TX,75201
19,Charles,Jackson,charles.jackson@gmail.com,+1-840-405-9317,Innovate LLC,Accountant,"3358 Maple Dr, Philadelphia, PA 19101",Philadelphia,PA,19101
20,Karen,Martin,karen.martin@webmail.net,+1-743-100-6310,BrightPath,Sales Representative,"8105 Main St, Los Angeles, CA 90001",Los Angeles,CA,90001
21,Christopher,Lee,christopher.lee@yahoo.com,+1-259-346-2290,Vanguard Systems,Data Analyst,"1503 Park Ave, Los Angeles, CA 90001",Los Angeles,CA,90001
22,Lisa,Perez,lisa.perez@yahoo.com,+1-875-586-3705,NextGen Labs,Marketing Specialist,"4442 Elm St, San Jose, CA 95101",San Jose,CA,95101
23,Daniel,Thompson,daniel.thompson@example.com,+1-973-847-4295,BrightPath,Customer Support,"5207 Lake View Rd, Austin, TX 78701",Austin,TX,78701
24,Nancy,White,nancy.white@example.com,+1-662-223-5061,TechCorp,DevOps Engineer,"3781 Oak Ave, Philadelphia, PA 19101",Philadelphia,PA,19101
25,Matthew,Harris,matthew.harris@example.com,+1-435-702-4608,TechCorp,Marketing Specialist,"217 Oak Ave, Seattle, WA 98101",Seattle,WA,98101
26,Betty,Sanchez,betty.sanchez@gmail.com,+1-232-980-6413,CloudScale,Customer Support,"1260 Elm St, Houston, TX 77001",Houston,TX,77001
27,Anthony,Clark,anthony.clark@yahoo.com,+1-752-235-8744,Global Net,Product Manager,"4081 Park Ave, San Antonio, TX 78201",San Antonio,TX,78201
28,Margaret,Ramirez,margaret.ramirez@gmail.com,+1-874-541-6804,TechCorp,Product Manager,"7039 Lake View Rd, San Diego, CA 92101",San Diego,CA,92101
29,Mark,Lewis,mark.lewis@gmail.com,+1-612-845-6559,Global Net,Accountant,"1890 Cedar Rd, Houston, TX 77001",Houston,TX,77001
30,Sandra,Robinson,sandra.robinson@outlook.com,+1-343-532-4006,Apex Solutions,Customer Support,"4663 Park Ave, Houston, TX 77001",Houston,TX,77001
31,Donald,Walker,donald.walker@webmail.net,+1-763-200-1828,Global Net,Data Analyst,"8956 Main St, Los Angeles, CA 90001",Los Angeles,CA,90001
32,Ashley,Young,ashley.young@outlook.com,+1-697-592-4502,NextGen Labs,Software Engineer,"6670 Main St, Chicago, IL 60601",Chicago,IL,60601
33,Steven,Allen,steven.allen@outlook.com,+1-471-902-8454,Vanguard Systems,Customer Support,"4773 Lake View Rd, Seattle, WA 98101",Seattle,WA,98101
34,Kimberly,King,kimberly.king@yahoo.com,+1-394-403-4566,Vanguard Systems,Software Engineer,"1058 View St, Seattle, WA 98101",Seattle,WA,98101
35,Paul,Wright,paul.wright@techcorp.io,+1-521-158-1821,Vanguard Systems,Data Analyst,"9671 Park Ave, Dallas, TX 75201",Dallas,TX,75201
36,Emily,Scott,emily.scott@gmail.com,+1-720-182-4044,Global Net,UX Designer,"1222 View St, Los Angeles, CA 90001",Los Angeles,CA,90001
37,Andrew,Torres,andrew.torres@gmail.com,+1-783-352-1651,Summit Media,DevOps Engineer,"1443 Lake View Rd, Austin, TX 78701",Austin,TX,78701
38,Donna,Nguyen,donna.nguyen@example.com,+1-523-367-4346,NextGen Labs,Data Analyst,"5247 Cedar Rd, Phoenix, AZ 85001",Phoenix,AZ,85001
39,Joshua,Hill,joshua.hill@techcorp.io,+1-860-407-8491,OmniMedia,DevOps Engineer,"5280 Oak Ave, New York, NY 10001",New York,NY,10001
40,Michelle,Flores,michelle.flores@example.com,+1-302-175-9808,Innovate LLC,HR Manager,"3592 Elm St, Phoenix, AZ 85001",Phoenix,AZ,85001
41,Kenneth,Green,kenneth.green@gmail.com,+1-450-478-5669,CloudScale,DevOps Engineer,"2684 Park Ave, Dallas, TX 75201",Dallas,TX,75201
42,Carol,Adams,carol.adams@webmail.net,+1-869-641-1128,Apex Solutions,Data Analyst,"9186 Pine St, Austin, TX 78701",Austin,TX,78701
43,Kevin,Nelson,kevin.nelson@hotmail.com,+1-318-209-3546,Global Net,HR Manager,"4562 Pine St, San Jose, CA 95101",San Jose,CA,95101
44,Amanda,Baker,amanda.baker@yahoo.com,+1-903-749-5325,TechCorp,Product Manager,"8380 Park Ave, Phoenix, AZ 85001",Phoenix,AZ,85001
45,Brian,Hall,brian.hall@techcorp.io,+1-633-949-5533,Innovate LLC,Sales Representative,"822 Main St, Philadelphia, PA 19101",Philadelphia,PA,19101
46,Dorothy,Rivera,dorothy.rivera@yahoo.com,+1-959-552-8007,Apex Solutions,Data Analyst,"9289 Main St, Los Angeles, CA 90001",Los Angeles,CA,90001
47,George,Campbell,george.campbell@example.com,+1-236-954-7049,NextGen Labs,Data Analyst,"9643 Elm St, Chicago, IL 60601",Chicago,IL,60601
48,Melissa,Mitchell,melissa.mitchell@gmail.com,+1-515-473-1653,Global Net,Product Manager,"5962 Cedar Rd, Austin, TX 78701",Austin,TX,78701
49,Edward,Carter,edward.carter@hotmail.com,+1-998-673-7658,Innovate LLC,UX Designer,"2632 Cedar Rd, Chicago, IL 60601",Chicago,IL,60601
50,Deborah,Roberts,deborah.roberts@gmail.com,+1-383-854-6442,Innovate LLC,Product Manager,"6845 Cedar Rd, Phoenix, AZ 85001",Phoenix,AZ,85001
51,Ronald,Gomez,ronald.gomez@outlook.com,+1-239-979-8711,BrightPath,Sales Representative,"3744 Cedar Rd, San Diego, CA 92101",San Diego,CA,92101
52,Stephanie,Phillips,stephanie.phillips@webmail.net,+1-433-328-1387,CloudScale,Product Manager,"3264 Lake View Rd, Philadelphia, PA 19101",Philadelphia,PA,19101
53,Timothy,Evans,timothy.evans@webmail.net,+1-485-459-9346,TechCorp,Product Manager,"6648 Elm St, Philadelphia, PA 19101",Philadelphia,PA,19101
54,Rebecca,Turner,rebecca.turner@hotmail.com,+1-382-694-5349,NextGen Labs,HR Manager,"726 Oak Ave, San Jose, CA 95101",San Jose,CA,95101
55,Jason,Diaz,jason.diaz@techcorp.io,+1-521-546-9379,Global Net,Sales Representative,"1994 Lake View Rd, San Jose, CA 95101",San Jose,CA,95101
56,Sharon,Parker,sharon.parker@gmail.com,+1-925-546-1027,Global Net,HR Manager,"8618 Elm St, Austin, TX 78701",Austin,TX,78701
57,Jeffrey,Cruz,jeffrey.cruz@outlook.com,+1-271-780-6409,CloudScale,Accountant,"5243 Oak Ave, Seattle, WA 98101",Seattle,WA,98101
58,Laura,Edwards,laura.edwards@hotmail.com,+1-882-518-6344,Innovate LLC,Marketing Specialist,"6692 Pine St, Dallas, TX 75201",Dallas,TX,75201
59,Ryan,Collins,ryan.collins@outlook.com,+1-880-488-3851,Vanguard Systems,Software Engineer,"9424 Pine St, San Antonio, TX 78201",San Antonio,TX,78201
60,Cynthia,Reyes,cynthia.reyes@hotmail.com,+1-493-315-8043,BrightPath,Customer Support,"9602 View St, Austin, TX 78701",Austin,TX,78701
61,Jacob,Stewart,jacob.stewart@outlook.com,+1-652-791-4501,Innovate LLC,Product Manager,"8475 Park Ave, Seattle, WA 98101",Seattle,WA,98101
62,Kathleen,Morris,kathleen.morris@hotmail.com,+1-727-779-6491,CloudScale,Marketing Specialist,"1630 Cedar Rd, Austin, TX 78701",Austin,TX,78701
63,Gary,Morales,gary.morales@webmail.net,+1-403-250-1400,Summit Media,Product Manager,"857 Cedar Rd, San Diego, CA 92101",San Diego,CA,92101
64,Amy,Murphy,amy.murphy@outlook.com,+1-624-744-4185,Global Net,Data Analyst,"6391 Park Ave, San Antonio, TX 78201",San Antonio,TX,78201
65,Nicholas,Cook,nicholas.cook@techcorp.io,+1-904-105-2746,Vanguard Systems,Customer Support,"7065 Cedar Rd, Chicago, IL 60601",Chicago,IL,60601
66,Angela,Rogers,angela.rogers@gmail.com,+1-770-355-2988,Vanguard Systems,Accountant,"7578 Maple Dr, San Diego, CA 92101",San Diego,CA,92101
67,Eric,Gutierrez,eric.gutierrez@example.com,+1-524-873-8251,OmniMedia,Data Analyst,"8370 Lake View Rd, Dallas, TX 75201",Dallas,TX,75201
68,Shirley,Ortiz,shirley.ortiz@techcorp.io,+1-686-560-5246,OmniMedia,Marketing Specialist,"4150 Pine St, Dallas, TX 75201",Dallas,TX,75201
69,Jonathan,Morgan,jonathan.morgan@hotmail.com,+1-650-179-5681,BrightPath,Accountant,"3941 Pine St, Philadelphia, PA 19101",Philadelphia,PA,19101
70,Anna,Cooper,anna.cooper@gmail.com,+1-341-254-4788,Global Net,Product Manager,"6375 Maple Dr, Seattle, WA 98101",Seattle,WA,98101
71,Stephen,Peterson,stephen.peterson@outlook.com,+1-617-438-9890,Global Net,UX Designer,"7733 Lake View Rd, New York, NY 10001",New York,NY,10001
72,Brenda,Bailey,brenda.bailey@outlook.com,+1-988-698-1320,TechCorp,HR Manager,"9532 Lake View Rd, San Diego, CA 92101",San Diego,CA,92101
73,Larry,Reed,larry.reed@hotmail.com,+1-971-499-7865,Global Net,Customer Support,"8918 Elm St, San Jose, CA 95101",San Jose,CA,95101
74,Pamela,Kelly,pamela.kelly@yahoo.com,+1-479-546-8956,NextGen Labs,Data Analyst,"575 Lake View Rd, Philadelphia, PA 19101",Philadelphia,PA,19101
75,Justin,Howard,justin.howard@webmail.net,+1-678-230-9751,Summit Media,Software Engineer,"541 Lake View Rd, San Jose, CA 95101",San Jose,CA,95101
76,Emma,Ramos,emma.ramos@gmail.com,+1-858-538-3223,CloudScale,UX Designer,"7664 Maple Dr, New York, NY 10001",New York,NY,10001
77,Scott,Kim,scott.kim@hotmail.com,+1-416-565-6355,NextGen Labs,Sales Representative,"5629 Lake View Rd, Phoenix, AZ 85001",Phoenix,AZ,85001
78,Nicole,Cox,nicole.cox@webmail.net,+1-283-581-1317,Global Net,Product Manager,"8937 Main St, Philadelphia, PA 19101",Philadelphia,PA,19101
79,Brandon,Ward,brandon.ward@webmail.net,+1-867-141-1508,Summit Media,Data Analyst,"4151 Cedar Rd, New York, NY 10001",New York,NY,10001
80,Helen,Richardson,helen.richardson@yahoo.com,+1-329-584-2874,CloudScale,HR Manager,"9340 Cedar Rd, San Diego, CA 92101",San Diego,CA,92101
81,Benjamin,Watson,benjamin.watson@yahoo.com,+1-820-721-2876,Summit Media,Software Engineer,"2783 Pine St, Los Angeles, CA 90001",Los Angeles,CA,90001
82,Samantha,Brooks,samantha.brooks@hotmail.com,+1-789-793-7149,Summit Media,Marketing Specialist,"6598 Cedar Rd, Los Angeles, CA 90001",Los Angeles,CA,90001
83,Samuel,Chavez,samuel.chavez@gmail.com,+1-913-891-5941,TechCorp,HR Manager,"9937 Oak Ave, San Jose, CA 95101",San Jose,CA,95101
84,Katherine,Wood,katherine.wood@example.com,+1-638-777-7071,BrightPath,Software Engineer,"1229 Elm St, Austin, TX 78701",Austin,TX,78701
85,Gregory,James,gregory.james@webmail.net,+1-630-942-9031,OmniMedia,Data Analyst,"1829 Lake View Rd, Philadelphia, PA 19101",Philadelphia,PA,19101
86,Christine,Bennett,christine.bennett@outlook.com,+1-380-851-9548,OmniMedia,Customer Support,"4525 View St, Dallas, TX 75201",Dallas,TX,75201
87,Alexander,Gray,alexander.gray@outlook.com,+1-948-706-5397,CloudScale,Customer Support,"5380 Cedar Rd, Los Angeles, CA 90001",Los Angeles,CA,90001
88,Debra,Mendoza,debra.mendoza@yahoo.com,+1-968-575-7209,BrightPath,Data Analyst,"5611 Main St, San Diego, CA 92101",San Diego,CA,92101
89,Frank,Ruiz,frank.ruiz@outlook.com,+1-417-463-5232,CloudScale,Accountant,"5676 Pine St, San Jose, CA 95101",San Jose,CA,95101
90,Rachel,Hughes,rachel.hughes@gmail.com,+1-729-295-2402,Vanguard Systems,Marketing Specialist,"4054 Lake View Rd, San Diego, CA 92101",San Diego,CA,92101
91,Patrick,Price,patrick.price@techcorp.io,+1-687-761-9041,CloudScale,Marketing Specialist,"7442 Main St, Los Angeles, CA 90001",Los Angeles,CA,90001
92,Carolyn,Alvarez,carolyn.alvarez@outlook.com,+1-908-349-6016,Vanguard Systems,Accountant,"9628 Washington St, San Diego, CA 92101",San Diego,CA,92101
93,Raymond,Castillo,raymond.castillo@hotmail.com,+1-635-863-6419,CloudScale,Sales Representative,"5864 Park Ave, Phoenix, AZ 85001",Phoenix,AZ,85001
94,Janet,Sanders,janet.sanders@yahoo.com,+1-323-838-4155,Vanguard Systems,Data Analyst,"5269 Oak Ave, Seattle, WA 98101",Seattle,WA,98101
95,Jack,Patel,jack.patel@yahoo.com,+1-421-856-8933,Summit Media,Sales Representative,"4630 View St, Dallas, TX 75201",Dallas,TX,75201
96,Catherine,Myers,catherine.myers@gmail.com,+1-398-403-4727,TechCorp,Accountant,"6012 Maple Dr, Phoenix, AZ 85001",Phoenix,AZ,85001
97,Dennis,Long,dennis.long@yahoo.com,+1-480-146-1893,Innovate LLC,Customer Support,"9166 Pine St, Seattle, WA 98101",Seattle,WA,98101
98,Maria,Ross,maria.ross@gmail.com,+1-212-687-5658,BrightPath,Data Analyst,"7790 Park Ave, San Diego, CA 92101",San Diego,CA,92101
99,Jerry,Foster,jerry.foster@gmail.com,+1-458-982-8827,OmniMedia,Product Manager,"1969 Oak Ave, San Antonio, TX 78201",San Antonio,TX,78201
100,Heather,Jimenez,heather.jimenez@example.com,+1-844-802-1878,CloudScale,Product Manager,"2585 Maple Dr, San Jose, CA 95101",San Jose,CA,95101
